Ranking,Uni.Name,Continent,Country,Latitude,Longitude
1-100,RCSI University of Medicine and Health Sciences,Europe,Ireland,53.33911,-6.262025
1-100,La Trobe University,Oceania,Australia,-37.720693,145.048285
1-100,"China Medical University, Taiwan",Asia,Taiwan,24.15635,120.680313
1-100,University of Auckland,Oceania,New Zealand,-36.852338,174.769354
1-100,University of Otago,Oceania,New Zealand,-45.864676,170.514551
1-100,McMaster University,Oceania,Canada,43.260926,-79.919236
1-100,University of Alabama at Birmingham,North America,United States,33.501882,-86.806154
1-100,Australian Catholic University,Oceania,Australia,-27.378177,153.088953
1-100,University of Dundee,Europe,United Kingdom,56.458191,-2.982014
1-100,Chang Gung University,Asia,Taiwan,25.033704,121.389258
1-100,King¡¦s College London,Europe,United Kingdom,51.511546,-0.115847
1-100,University of Saskatchewan,North America,Canada,52.133361,-106.631069
1-100,University of Newcastle,Oceania,Australia,-32.892871,151.704499
1-100,Kaohsiung Medical University,Asia,Taiwan,22.645341,120.310465
1-100,University of Sydney,Oceania,Australia,-33.888539,151.187519
1-100,Nagoya City University,Asia,Japan,35.13989,136.935042
1-100,University of Coimbra,Europe,Portugal,40.208924,-8.42399
1-100,Taipei Medical University,Asia,Taiwan,25.025388,121.561742
1-100,Deakin University,Oceania,Australia,-37.84442,145.111172
1-100,JSS Academy of Higher Education and Research,Asia,India,12.342777,76.652766
1-100,University of Melbourne,Oceania,Australia,-37.798388,144.961296
1-100,Western Sydney University,Oceania,Australia,-33.706099,150.883445
1-100,University of Bologna,Europe,Italy,44.496255,11.354254
1-100,Iran University of Medical Sciences,Asia,Iran,35.749059,51.380627
1-100,Monash University,Oceania,Australia,-37.903473,145.132326
1-100,University of Manchester,Europe,United Kingdom,53.466863,-2.233658
1-100,University of South Australia,Oceania,Australia,-34.914583,138.606418
1-100,Grigore T. Popa University of Medicine and Pharmacy,Europe,Romania,47.168478,27.586265
1-100,Western University,North America,Canada,43.183209,-81.215879
1-100,University of Montreal,North America,Canada,45.506337,-73.613502
1-100,CES University,South America,Colombia,6.208804,-75.553059
1-100,Keele University,Europe,United Kingdom,53.003399,-2.271881
1-100,University of South Florida (Tampa),North America,United States,28.058618,-82.41365
1-100,The University of Queensland,Oceania,Australia,-27.497474,153.014034
1-100,Laval University,North America,Canada,46.781761,-71.274699
1-100,Shahid Beheshti University of Medical Sciences,Asia,Iran,35.800245,51.398711
1-100,Fujita Health University,Asia,Japan,35.071374,137.002033
1-100,University of Bordeaux,Europe,France,44.826012,-0.605087
1-100,University of S?o Paulo,South America,Brazil,-23.561222,-46.730778
1-100,University of Aberdeen,Europe,United Kingdom,57.164789,-2.101472
1-100,Glasgow Caledonian University,Europe,United Kingdom,55.8668,-4.249767
1-100,University of Hong Kong,Asia,Hong Kong,22.283589,114.137764
1-100,University of Surrey,Europe,United Kingdom,51.24272,-0.587636
1-100,University of Debrecen,Europe,Hungary,47.553792,21.621854
1-100,Tzu Chi University,Asia,Taiwan,23.992845,121.591298
1-100,Edith Cowan University,Oceania,Australia,-31.751721,115.773004
1-100,Imperial College London,Europe,United Kingdom,51.498806,-0.174856
1-100,Miguel Hern?ndez University of Elche,Europe,Spain,38.274713,-0.683922
1-100,Chiang Mai University,Asia(ASEAN),Thailand,18.795935,98.953038
1-100,Dalhousie University,North America,Canada,44.637009,-63.59172
1-100,York University,North America,Canada,43.773438,-79.501954
1-100,University of L¡¦Aquila,Europe,Italy,42.35166,13.397278
1-100,University of Barcelona,Europe,Spain,41.38685,2.164012
1-100,Queensland University of Technology,Oceania,Australia,-27.477145,153.028389
1-100,Semmelweis University,Europe,Hungary,47.487198,19.067657
1-100,Riga Stradi?? University,Europe,Latvia,56.954171,24.055225
1-100,Federal University of Health Sciences of Porto Alegre (UFCSPA),South America,Brazil,-30.030756,-51.220577
1-100,University College Cork,Europe,Ireland,51.893065,-8.492986
1-100,Radboud University Nijmegen,Europe,Netherlands,51.822039,5.86369
1-100,Universit? libre de Bruxelles,Europe,Belgium,50.813173,4.382297
1-100,Ohio State University (Main campus),North America,United States,40.006935,-83.0303
1-100,University of Geneva,Europe,Switzerland,46.199422,6.145126
1-100,University of Ottawa,North America,Canada,45.423204,-75.68309
1-100,University of Toronto,North America,Canada,43.662915,-79.39556
1-100,Pirogov Russian National Research Medical University,Europe,Russian Federation,55.647217,37.490308
1-100,University of Gothenburg,Europe,Sweden,57.698172,11.972135
1-100,Manipal Academy of Higher Education,Asia,India,13.354231,74.784938
1-100,Khon Kaen University,Asia(ASEAN),Thailand,16.474446,102.822663
1-100,Queen¡¦s University Belfast,Europe,United Kingdom,54.584421,-5.93391
1-100,University of East Anglia,Europe,United Kingdom,52.621931,1.239142
1-100,Soonchunhyang University,Asia,South Korea,36.769386,126.932303
1-100,Tokushima University,Asia,Japan,34.069991,134.559728
1-100,Andr?s Bello University (UNAB),South America,Chile,13.635052,-88.169369
1-100,University of Canberra,Oceania,Australia,-35.238412,149.084176
1-100,Newcastle University,Europe,United Kingdom,54.979089,-1.614435
1-100,Universiti Sains Malaysia,Asia(ASEAN),Malaysia,6.167308,102.322757
1-100,University of British Columbia,North America,Canada,49.26071,-123.245962
1-100,Mahidol University,Asia(ASEAN),Thailand,13.794786,100.323374
1-100,University of Murcia,Europe,Spain,38.018768,-1.169165
1-100,University College Dublin,Europe,Ireland,53.306884,-6.220937
1-100,National Taiwan University,Asia,Taiwan,25.017311,121.539505
1-100,Trinity College Dublin,Europe,Ireland,53.343851,-6.254496
1-100,University of Parma,Europe,Italy,44.800627,10.326116
1-100,University of Hamburg,Europe,Germany,53.566539,9.984813
1-100,Comenius University in Bratislava,Europe,Slovakia,48.141163,17.115911
1-100,Universiti Kebangsaan Malaysia,Asia(ASEAN),Malaysia,2.933326,101.779056
1-100,University of Desarrollo,South America,Chile,-36.821215,-73.036299
1-100,University of Indonesia,Asia(ASEAN),Indonesia,-6.362817,106.827113
1-100,University of Edinburgh,Europe,United Kingdom,55.944612,-3.188877
1-100,University at Buffalo,North America,United States,43.000786,-78.788916
1-100,University of Tasmania,Oceania,Australia,-42.903701,147.326245
1-100,Bond University,Oceania,Australia,-28.073141,153.416702
1-100,Airlangga University,Asia(ASEAN),Indonesia,-7.271955,112.75868
1-100,Florida International University,North America,United States,25.756118,-80.376975
1-100,University of Massachusetts,North America,United States,41.7184,-71.150169
1-100,Pavlov First Saint Petersburg State Medical University,Europe,Russian Federation,59.964721,30.320927
1-100,University of Leicester,Europe,United Kingdom,52.621191,-1.124514
1-100,Hiroshima University,Asia,Japan,34.402156,132.714168
1-100,National and Kapodistrian University of Athens,Europe,Greece,37.968331,23.778827
1-100,Charles Darwin University,Oceania,Australia,-12.371733,130.869027
1-100,Metropolitan Autonomous University,South America,Mexico,19.292675,-99.140398
101-200,University of A Coru?a,Europe,Spain,43.369561,-8.419896
101-200,Aix-Marseille University,Europe,France,43.293799,5.358047
101-200,Alexandria University,Africa,Egypt,31.210737,29.91325
101-200,Alfaisal University,Asia,Saudi Arabia,24.663292,46.677351
101-200,American University of Beirut,Asia,Lebanon,33.901023,35.480819
101-200,University of Amsterdam,Europe,Netherlands,52.355844,4.95578
101-200,Ankara University,Asia,Turkey,39.935085,32.83384
101-200,Arizona State University (Tempe),North America,United States,33.426746,-111.927744
101-200,Universidad Aut?noma de Chile,South America,Chile,-33.427436,-70.611745
101-200,University of the Basque Country,Europe,Spain,43.331512,-2.970397
101-200,University of Beira Interior,Europe,Portugal,40.277867,-7.509015
101-200,University of Bergen,Europe,Norway,60.387961,5.321976
101-200,Bezmi?lem Vakif University,Asia,Turkey,41.018588,28.936178
101-200,Bournemouth University,Europe,United Kingdom,50.742413,-1.896177
101-200,University of Brescia,Europe,Italy,45.538002,10.217351
101-200,University of Calgary,North America,Canada,51.083688,-114.139674
101-200,Central Queensland University,Oceania,Australia,-23.326398,150.518734
101-200,Chulalongkorn University,Asia(ASEAN),Thailand,13.738702,100.531992
101-200,"City, University of London",Europe,United Kingdom,51.527912,-0.10243
101-200,University of Cumbria,Europe,United Kingdom,54.894915,-2.923467
101-200,University of Cyberjaya,Asia(ASEAN),Malaysia,2.930867,101.637644
101-200,Cyprus University of Technology,Asia,Cyprus,34.675326,33.044188
101-200,University of Eastern Finland,Europe,Finland,62.893763,27.63938
101-200,Ege University,Asia,Turkey,38.457568,27.228346
101-200,Federal University of Esp?rito Santo,South America,Brazil,-20.276663,-40.304537
101-200,University of Florence,Europe,Italy,43.777736,11.260055
101-200,Fluminense Federal University,South America,Brazil,-22.38882,-41.805922
101-200,Fu Jen Catholic University,Asia,Taiwan,25.033488,121.433551
101-200,University of Georgia,North America,United States,33.948041,-83.377129
101-200,University of Guadalajara,South America,Mexico,20.675995,-103.358911
101-200,Hacettepe University,Asia,Turkey,39.868711,32.73228
101-200,Hokkaido University,Asia,Japan,43.077926,141.340034
101-200,University of Iceland,Europe,Iceland,64.139672,-21.951761
101-200,Isfahan University of Medical Sciences,Asia,Iran,32.612988,51.661934
101-200,University of Ja?n,Europe,Spain,37.788567,-3.777472
101-200,Juntendo University,Asia,Japan,35.702348,139.761203
101-200,Kazan State Medical University,Europe,Russian Federation,55.790918,49.140895
101-200,Kyung Hee University,Asia,South Korea,37.595482,127.052772
101-200,Lakehead University,North America,Canada,48.576214,-89.218494
101-200,University of Lausanne,Europe,Switzerland,46.521053,6.580322
101-200,University of Leeds,Europe,United Kingdom,53.806701,-1.555022
101-200,University of Limerick,Europe,Ireland,52.673807,-8.5724
101-200,University of Malaga,Europe,Spain,36.720147,-4.416107
101-200,University of Malaya,Asia(ASEAN),Malaysia,3.121215,101.653863
101-200,Mansoura University,Africa,Egypt,31.042212,31.358901
101-200,Massey University,Oceania,New Zealand,-40.382095,175.63468
101-200,McGill University,North America,Canada,45.504857,-73.576391
101-200,University of Nantes,Europe,France,47.209747,-1.555875
101-200,National Autonomous University of Mexico,South America,Mexico,19.323014,-99.186384
101-200,National Cheng Kung University (NCKU),Asia,Taiwan,22.999037,120.219462
101-200,"National University of Ireland, Galway",Europe,Ireland,53.279472,-9.061827
101-200,National Polytechnic University (IPN),South America,Mexico,19.497965,-99.142125
101-200,University of Navarra,Europe,Spain,42.801723,-1.659719
101-200,Northern Arizona University,North America,United States,35.18051,-111.654043
101-200,Nove de Julho University,South America,Brazil,-23.583857,-46.581036
101-200,October 6 University,Africa,Egypt,29.977218,30.94653
101-200,Okayama University,Asia,Japan,34.687207,133.922251
101-200,Pavol Jozef ?af?rik University in Ko?ice,Europe,Slovakia,48.71933,21.251561
101-200,University of Peradeniya,Asia,Sri Lanka,7.255261,80.597401
101-200,Pompeu Fabra University,Europe,Spain,41.379205,2.179657
101-200,Pontifical Catholic University of Chile,South America,Chile,-33.441574,-70.640019
101-200,University of Portsmouth,Europe,United Kingdom,50.793983,-1.097445
101-200,University of Pretoria,Africa,South Africa,-25.754617,28.231598
101-200,Ryazan State Medical University,Europe,Russian Federation,54.622492,39.710213
101-200,Universit? Saint-Joseph de Beyrouth,Asia,Lebanon,33.881499,35.511762
101-200,University of Salamanca,Europe,Spain,40.961327,-5.666925
101-200,Samara State Medical University,Europe,Russian Federation,53.201528,50.16895
101-200,University of San Mart?n de Porres,South America,Peru,-12.04578,-76.968213
101-200,S?o Paulo State University (UNESP),South America,Brazil,-23.531325,-46.644261
101-200,Sechenov University,Europe,Russian Federation,55.731672,37.572071
101-200,Shantou University,Asia,China,23.409608,116.634316
101-200,Simon Fraser University,North America,Canada,49.278073,-122.919497
101-200,Soochow University,Asia,China,25.094658,121.545727
101-200,University of Southern Denmark,Europe,Denmark,55.369123,10.428601
101-200,University of Szeged,Europe,Hungary,46.247518,20.14775
101-200,The University of Tennessee-Knoxville,North America,United States,35.954445,-83.929403
101-200,University of Texas at Arlington,North America,United States,32.729285,-97.111952
101-200,University of Texas at Dallas,North America,United States,32.985762,-96.749992
101-200,University of Thessaly,Europe,Greece,39.357858,22.950696
101-200,Tohoku University,Asia,Japan,38.253851,140.873977
101-200,Tottori University,Asia,Japan,35.515364,134.173409
101-200,University of Tsukuba,Asia,Japan,36.106835,140.101787
101-200,University of Tunis El Manar,Africa,Tunisia,36.829318,10.146311
101-200,University of Turku,Europe,Finland,60.456393,22.28491
101-200,Tzu Chi University of Science and Technology,Asia,Taiwan,23.996639,121.564868
101-200,UNSW Sydney,Oceania,Australia,-33.917231,151.231364
101-200,University of Valencia,Europe,Spain,39.479425,-0.359515
101-200,"University of Veterinary and Animal Sciences, Lahore",Asia,Pakistan,31.575031,74.300056
101-200,Victoria University,Oceania,Australia,-37.793752,144.898809
101-200,Vila Velha University,South America,Brazil,-20.35395,-40.299202
101-200,University of Waterloo,North America,Canada,43.472161,-80.544675
101-200,University of Western Australia,Oceania,Australia,-31.980023,115.81807
101-200,The University of the West Indies,North America,Jamaica,18.00296,-76.749872
101-200,University of Wollongong,Oceania,Australia,-34.405448,150.878527
101-200,Yenepoya University,Asia,India,12.811622,74.881416
101-200,Yokohama City University,Asia,Japan,35.333411,139.618106
101-200,Yonsei University (Seoul campus),Asia,South Korea,37.566005,126.938583
101-200,Zanjan University of Medical Sciences,Asia,Iran,36.698365,48.515516
101-200,University of Zaragoza,Europe,Spain,41.642232,-0.901485
201-300,Aalborg University,Europe,Denmark,57.014654,9.982014
201-300,AIIMS Rishikesh,Asia,India,30.078051,78.285789
201-300,Ain Shams University,Africa,Egypt,30.077166,31.285
201-300,Ajou University,Asia,South Korea,37.283525,127.046532
201-300,Akita University,Asia,Japan,39.727983,140.133677
201-300,University of Algarve,Europe,Portugal,37.043963,-7.97209
201-300,Amrita Vishwa Vidyapeetham,Asia,India,10.902742,76.900606
201-300,An-Najah National University,Asia,Palestine,32.227174,35.222204
201-300,"Asia University, Taiwan",Asia,Taiwan,24.046483,120.686442
201-300,Autonomous University of Hidalgo State (UAEH),South America,Mexico,20.124448,-98.797413
201-300,Autonomous University of the State of Mexico,South America,Mexico,19.284141,-99.677688
201-300,University of Azuay,South America,Ecuador,-2.91901,-79.000775
201-300,BRAC University,Asia,Bangladesh,23.780225,90.407159
201-300,Brunel University London,Europe,United Kingdom,51.532438,-0.472972
201-300,University of Chile,South America,Chile,-33.44444,-70.650938
201-300,Chung-Ang University,Asia,South Korea,37.505182,126.957069
201-300,"Colorado State University, Fort Collins",North America,United States,40.573469,-105.086633
201-300,Cukurova University,Asia,Turkey,37.059752,35.355435
201-300,De Montfort University,Europe,United Kingdom,52.629775,-1.13975
201-300,Dublin City University,Europe,Ireland,53.386075,-6.25639
201-300,Eastern Mediterranean University,Asia,Northern Cyprus,35.14283,33.911571
201-300,Ewha Womans University,Asia,South Korea,37.559892,126.945501
201-300,Federal University of Cear? (UFC),South America,Brazil,-3.741795,-38.539042
201-300,Federal University of Pernambuco,South America,Brazil,-8.051531,-34.950736
201-300,Federal University of Santa Catarina,South America,Brazil,-27.600039,-48.519558
201-300,Federal University of S?o Paulo (UNIFESP),South America,Brazil,-23.598641,-46.643036
201-300,Universitas Gadjah Mada,Asia(ASEAN),Indonesia,-7.770968,110.377527
201-300,"George Emil Palade University of Medicine, Pharmacy, Science, and Technology of Targu Mures",Europe,Romania,46.555172,24.58171
201-300,University of Ghana,Africa,Ghana,5.650637,-0.19616
201-300,University of Girona,Europe,Spain,41.985687,2.827223
201-300,University of Greenwich,Europe,United Kingdom,51.482817,-0.006941
201-300,University of Haifa,Asia,Israel,32.76124,35.019529
201-300,Hanyang University,Asia,South Korea,37.557326,127.045311
201-300,Hawler Medical University,Asia,Iraq,36.198642,44.020118
201-300,University of Helsinki,Europe,Finland,60.172667,24.950954
201-300,IPB University,Asia(ASEAN),Indonesia,-6.588237,106.806161
201-300,Istanbul Geli?im University,Asia,Turkey,40.998055,28.698885
201-300,Istanbul Medipol University,Asia,Turkey,41.09117,29.091552
201-300,Jean Monnet University,Europe,France,45.424634,4.392857
201-300,Kanazawa University,Asia,Japan,36.545502,136.707678
201-300,Keio University,Asia,Japan,35.648938,139.742884
201-300,King Abdulaziz University,Asia,Saudi Arabia,21.494192,39.232649
201-300,King Edward Medical University,Asia,Pakistan,31.570227,74.314327
201-300,Kumamoto University,Asia,Japan,32.815152,130.727344
201-300,Kyoto University,Asia,Japan,35.026288,135.780768
201-300,Kyungpook National University,Asia,South Korea,35.888932,128.610203
201-300,Lincoln University College,Asia(ASEAN),Malaysia,6.113655,102.232717
201-300,London South Bank University,Europe,United Kingdom,51.498004,-0.102197
201-300,Londrina State University,South America,Brazil,-23.324181,-51.200387
201-300,Macquarie University,Oceania,Australia,-33.773806,151.112628
201-300,"University of Maryland, Baltimore County",North America,United States,39.255759,-76.711128
201-300,Mie University,Asia,Japan,34.744128,136.524393
201-300,University of Monterrey,South America,Mexico,25.660909,-100.420503
201-300,Monterrey Institute of Technology,South America,Mexico,25.65164,-100.289615
201-300,Montpellier University,Europe,France,43.613014,3.873513
201-300,Universidad Nacional del Litoral,South America,Argentina,-31.634953,-60.705081
201-300,Nagoya University,Asia,Japan,35.153829,136.968229
201-300,National Chung Hsing University,Asia,Taiwan,24.123601,120.675294
201-300,Niigata University,Asia,Japan,37.871381,138.95469
201-300,"University of the North, Colombia",South America,Colombia,11.019385,-74.850475
201-300,Northumbria University,Europe,United Kingdom,54.979507,-1.608911
201-300,NOVA University of Lisbon,Europe,Portugal,38.733724,-9.160344
201-300,Old Dominion University,North America,United States,36.884317,-76.304293
201-300,University of Oulu,Europe,Finland,65.059321,25.46637
201-300,Padjadjaran University,Asia(ASEAN),Indonesia,-6.926058,107.774971
201-300,University of Padua,Europe,Italy,45.406752,11.877434
201-300,Palack? University Olomouc,Europe,Czech Republic,49.595406,17.259919
201-300,University of Pavia,Europe,Italy,45.187,9.156917
201-300,University of P?cs,Europe,Hungary,46.074213,18.237701
201-300,Universidad Peruana Cayetano Heredia,South America,Peru,-12.023911,-77.056508
201-300,Pharos University,Africa,Egypt,31.205969,29.960849
201-300,Pontifical Catholic University of Paran?,South America,Brazil,-25.451644,-49.251464
201-300,Pontifical Catholic University of Rio Grande do Sul (PUCRS),South America,Brazil,-30.059009,-51.17288
201-300,Portland State University,North America,United States,45.511162,-122.683477
201-300,Universiti Putra Malaysia,Asia(ASEAN),Malaysia,2.999406,101.708497
201-300,University of Rovira i Virgili,Europe,Spain,41.119698,1.260639
201-300,RUDN University,Europe,Russian Federation,55.650586,37.501909
201-300,University of Santo Tomas,Asia(ASEAN),Philippines,14.609804,120.989855
201-300,Sapienza University of Rome,Europe,Italy,41.903691,12.514825
201-300,Shinshu University,Asia,Japan,36.25005,137.978556
201-300,Srinakharinwirot University,Asia(ASEAN),Thailand,13.74613,100.56493
201-300,State University of Ponta Grossa,South America,Brazil,-25.086555,-50.160786
201-300,University of Strathclyde,Europe,United Kingdom,55.862123,-4.242347
201-300,Suez Canal University,Africa,Egypt,30.620479,32.269539
201-300,Sungkyunkwan University (SKKU),Asia,South Korea,37.588253,126.993531
201-300,University of Taipei,Asia,Taiwan,25.035747,121.513966
201-300,University of Talca,South America,Chile,-35.404198,-71.635151
201-300,Tbilisi State Medical University,Europe,Georgia,41.726565,44.751005
201-300,University of Texas at El Paso,North America,United States,31.770955,-106.504093
201-300,Tilburg University,Europe,Netherlands,51.564092,5.043766
201-300,Tokai University,Asia,Japan,35.664438,139.684638
201-300,Tokat Gaziosmanpa?a University,Asia,Turkey,40.3311,36.479931
201-300,University of Toyama,Asia,Japan,36.694212,137.186691
201-300,University of Tr?s-os-Montes and Alto Douro,Europe,Portugal,41.287235,-7.738435
201-300,"UEES, Espiritu Santo University",South America,Ecuador,-2.132463,-79.865835
201-300,University of Valladolid,Europe,Spain,41.6572,-4.714301
201-300,University of Valpara?so,South America,Chile,41.464141,-87.043924
201-300,University of Victoria,North America,Canada,48.463407,-123.311232
201-300,Vrije Universiteit Amsterdam,Europe,Netherlands,52.333947,4.86602
201-300,University of Worcester,Europe,United Kingdom,52.197097,-2.242589
301-400,Al Ahliyya Amman University,Asia,Jordan,32.04697,35.780013
301-400,University of Alicante,Europe,Spain,38.385446,-0.514402
301-400,American University,North America,United States,38.938547,-77.088313
301-400,Assiut University,Africa,Egypt,27.189136,31.168895
301-400,Aswan University,Africa,Egypt,23.996704,32.860166
301-400,University of Baghdad,Asia,Iraq,33.271433,44.378189
301-400,Bah?e?ehir University,Asia,Turkey,41.042197,29.009431
301-400,Benha University,Africa,Egypt,30.243723,31.457268
301-400,Birzeit University,Asia,Palestine,31.959364,35.182226
301-400,University of Brawijaya,Asia(ASEAN),Indonesia,-7.952196,112.613989
301-400,University of Burgos,Europe,Spain,42.340967,-3.727955
301-400,University of Calabria,Europe,Italy,39.362235,16.225853
301-400,Universidad Cat?lica San Antonio de Murcia (UCAM),Europe,Spain,37.991642,-1.185173
301-400,Cear? State University,South America,Brazil,-3.787938,-38.553775
301-400,Chiba University,Asia,Japan,35.627609,140.103217
301-400,Chitkara University,Asia,India,30.516188,76.660067
301-400,Chungnam National University,Asia,South Korea,36.368947,127.346473
301-400,University of Colima,South America,Mexico,19.249053,-103.698631
301-400,University of Colombo,Asia,Sri Lanka,6.900409,79.858955
301-400,Concordia University,North America,Canada,45.494795,-73.57791
301-400,Diego Portales University,South America,Chile,-33.449749,-70.661475
301-400,Diponegoro University,Asia(ASEAN),Indonesia,-7.051872,110.437388
301-400,Durham University,Europe,United Kingdom,54.764831,-1.578181
301-400,East Carolina University,North America,United States,35.605755,-77.36464
301-400,Fayoum University,Africa,Egypt,29.320512,30.838257
301-400,Federal University of Mato Grosso do Sul,South America,Brazil,-20.504307,-54.613705
301-400,Federal University of Par?,South America,Brazil,-1.472337,-48.449746
301-400,Gazi University,Asia,Turkey,39.939693,32.822574
301-400,Grodno State Medical University,Europe,Belarus,53.700906,23.81759
301-400,Gulf Medical University,Asia,United Arab Emirates,25.417401,55.501199
301-400,Gunma University,Asia,Japan,36.43125,139.044829
301-400,Gyeongsang National University,Asia,South Korea,35.153294,128.09964
301-400,Hagoromo University of International Studies,Asia,Japan,34.534484,135.447763
301-400,Hong Kong Baptist University,Asia,Hong Kong,22.340245,114.179702
301-400,University of Ibadan,Africa,Nigeria,7.444323,3.899533
301-400,International University of Sarajevo,Europe,Bosnia and Herzegovina,43.821716,18.30922
301-400,Jinnah Sindh Medical University,Asia,Pakistan,24.852878,67.042614
301-400,University of Johannesburg,Africa,South Africa,-26.186608,28.014358
301-400,Kagawa University,Asia,Japan,34.342334,134.037495
301-400,Kangwon National University,Asia,South Korea,37.869465,127.744514
301-400,Kazan Federal University,Europe,Russian Federation,55.79055,49.121489
301-400,KLE University,Asia,India,15.884379,74.518003
301-400,Ko? University,Asia,Turkey,41.205478,29.07268
301-400,Konkuk University,Asia,South Korea,37.540763,127.079407
301-400,University of Lahore,Asia,Pakistan,32.077137,72.69183
301-400,University of La Laguna,Europe,Spain,28.481103,-16.315971
301-400,University of Latvia,Europe,Latvia,56.950833,24.115884
301-400,Lebanese University,Asia,Lebanon,33.827977,35.522192
301-400,Lingnan University Hong Kong,Asia,Hong Kong,22.411794,113.981379
301-400,Lomonosov Moscow State University,Europe,Russian Federation,55.704104,37.528691
301-400,Louisiana Tech University,North America,United States,32.528355,-92.650026
301-400,Loyola University New Orleans,North America,United States,29.934788,-90.120993
301-400,Macau University of Science and Technology,Asia,Macao,22.152519,113.567667
301-400,Mae Fah Luang University,Asia(ASEAN),Thailand,20.045028,99.894196
301-400,Mahasarakham University,Asia(ASEAN),Thailand,16.200017,103.283898
301-400,Universiti Malaysia Sarawak (UNIMAS),Asia(ASEAN),Malaysia,1.464997,110.42693
301-400,Management & Science University (MSU),Asia(ASEAN),Malaysia,3.077989,101.552802
301-400,University of Management and Technology,Asia,Pakistan,31.451762,74.293756
301-400,University of Maribor,Europe,Slovenia,46.559211,15.643179
301-400,Marmara University,Asia,Turkey,40.987042,29.052717
301-400,University of Minho,Europe,Portugal,41.560676,-8.396333
301-400,Misr International University,Africa,Egypt,30.170118,31.491878
301-400,MSA University,Africa,Egypt,29.956656,30.95797
301-400,National Changhua University of Education,Asia,Taiwan,24.081285,120.558689
301-400,National University of Pharmacy,Europe,Ukraine,50.000891,36.243498
301-400,University of North Carolina at Chapel Hill,North America,United States,35.904825,-79.046913
301-400,University of North Carolina at Greensboro,North America,United States,36.068947,-79.810316
301-400,University of Oran 1,Africa,Algeria,35.637378,-0.615187
301-400,Oregon State University,North America,United States,44.563788,-123.279659
301-400,Osaka University,Asia,Japan,34.82197,135.524392
301-400,Osaka City University,Asia,Japan,34.592272,135.505005
301-400,Ozyegin University,Asia,Turkey,41.029428,29.259191
301-400,Peter the Great St Petersburg Polytechnic University,Europe,Russian Federation,60.007431,30.372965
301-400,University of Petra,Asia,Jordan,31.892652,35.874615
301-400,Polytechnic Institute of Set?bal,Europe,Portugal,38.522116,-8.838752
301-400,Pontifical Javeriana University,South America,Colombia,4.628503,-74.064675
301-400,Universidad Popular Autonoma del Estado de Puebla,South America,Mexico,19.048091,-98.213173
301-400,Public University of Navarre,Europe,Spain,42.800524,-1.636774
301-400,Pusan National University,Asia,South Korea,35.233609,129.081005
301-400,Qatar University,Asia,Qatar,25.377281,51.49116
301-400,University Rey Juan Carlos,Europe,Spain,40.335838,-3.877098
301-400,Reykjav?k University,Europe,Iceland,64.123731,-21.925629
301-400,Ritsumeikan University,Asia,Japan,35.032512,135.72338
301-400,University of Sargodha,Asia,Pakistan,32.073679,72.680264
301-400,Scientific University of the South,South America,Peru,-12.221512,-76.9767
301-400,Shimane University,Asia,Japan,35.4863,133.068066
301-400,Sim?n Bol?var University (Colombia),South America,Colombia,10.995514,-74.791466
301-400,University of Split,Europe,Croatia,43.507837,16.469098
301-400,Tanta University,Africa,Egypt,30.792461,30.999125
301-400,Tashkent Medical Academy,Asia,Uzbekistan,41.358265,69.176512
301-400,Technological University Dublin,Europe,Ireland,53.338633,-6.266597
301-400,Universiti Teknologi MARA,Asia(ASEAN),Malaysia,3.06974,101.503683
301-400,Tongji University,Asia,China,31.262827,121.459822
301-400,Universiti Tunku Abdul Rahman (UTAR),Asia(ASEAN),Malaysia,4.340088,101.142964
301-400,University of Waikato,Oceania,New Zealand,-37.7869,175.318495
301-400,Waseda University,Asia,Japan,35.708668,139.719638
301-400,University of the Western Cape,Africa,South Africa,-33.93348,18.627915
301-400,University of Westminster,Europe,United Kingdom,51.520607,-0.141086
301-400,Yamaguchi University,Asia,Japan,34.148535,131.46783
301-400,Yangzhou University,Asia,China,32.399101,119.389872
401-600,Aalto University,Europe,Finland,60.186701,24.827607
401-600,Abdullah G?l University,Asia,Turkey,38.737177,35.47348
401-600,Acharya Nagarjuna University,Asia,India,16.376511,80.527701
401-600,Ahlia University,Asia,Bahrain,26.236505,50.592751
401-600,University of Alaska Fairbanks,North America,United States,64.855757,-147.833542
401-600,Al-Azhar University,Africa,Egypt,30.059414,31.312999
401-600,Al-Farahidi University,Asia,Iraq,33.27087,44.358582
401-600,University of Alkafeel,Asia,Iraq,32.067132,44.313287
401-600,Almaty Management University (AlmaU),Asia,Kazakhstan,43.206379,76.893274
401-600,Al-Mustaqbal University College,Asia,Iraq,32.39574,44.403859
401-600,Altai State University,Europe,Russian Federation,53.348254,83.775756
401-600,Alt?nba? University,Asia,Turkey,41.056076,28.826128
401-600,Alzahra University,Asia,Iran,35.768281,51.392567
401-600,University of Anbar,Asia,Iraq,33.402016,43.260538
401-600,Andhra University,Asia,India,17.725229,83.325664
401-600,Anna University,Asia,India,13.010907,80.23539
401-600,Applied Science University,Asia,Bahrain,26.143271,50.614959
401-600,Applied Science Private University,Asia,Jordan,32.039999,35.900345
401-600,Arts University Bournemouth,Europe,United Kingdom,50.741031,-1.898021
401-600,Atat?rk University,Asia,Turkey,39.901231,41.247639
401-600,Autonomous University of Baja California,South America,Mexico,32.53082,-116.967528
401-600,University of Aveiro,Europe,Portugal,40.630014,-8.657143
401-600,Babol Noshirvani University of Technology,Asia,Iran,36.561162,52.680583
401-600,University of Babylon,Asia,Iraq,32.393753,44.398085
401-600,University of Bahrain,Asia,Bahrain,26.050962,50.513427
401-600,Banasthali University,Asia,India,26.402727,75.875073
401-600,Bashkir State University,Europe,Russian Federation,54.72017,55.932968
401-600,University of Basrah,Asia,Iraq,30.520599,47.841556
401-600,Bath Spa University,Europe,United Kingdom,51.375614,-2.438306
401-600,University of B?ja?a,Africa,Algeria,36.750276,5.040707
401-600,Belgorod State National Research University,Europe,Russian Federation,50.594077,36.576046
401-600,Beni-Suef University,Africa,Egypt,29.082844,31.102187
401-600,Beykent University,Asia,Turkey,41.117327,29.003945
401-600,Bo?azi?i University,Asia,Turkey,41.084763,29.051033
401-600,Bolu Abant Izzet Baysal University,Asia,Turkey,40.71436,31.512978
401-600,University of Bucharest,Europe,Romania,44.435565,26.101144
401-600,Universidad Del Caribe,South America,Mexico,21.201425,-86.823884
401-600,Catholic University of the Most Holy Conception,South America,Chile,-36.736547,-73.103751
401-600,Catholic University of Portugal,Europe,Portugal,41.153698,-8.672163
401-600,CECOS University of IT and Emerging Sciences,Asia,Pakistan,33.955855,71.437609
401-600,University of Cergy-Pontoise,Europe,France,49.039071,2.076253
401-600,Chaoyang University of Technology,Asia,Taiwan,24.069727,120.714775
401-600,"University of Chemistry and Technology, Prague",Europe,Czech Republic,50.103326,14.389621
401-600,Chernihiv National University of Technology,Europe,Ukraine,51.505101,31.335398
401-600,Chiba Institute of Technology,Asia,Japan,35.688751,140.02127
401-600,Chukyo University,Asia,Japan,35.142366,136.963802
401-600,Chung Yuan Christian University,Asia,Taiwan,24.95743,121.24085
401-600,Chuo University,Asia,Japan,35.63828,139.407418
401-600,COMSATS University Islamabad,Asia,Pakistan,33.651871,73.156597
401-600,Covenant University,Africa,Nigeria,6.672645,3.161256
401-600,Czech University of Life Sciences Prague (CULS),Europe,Czech Republic,50.130043,14.373596
401-600,Damietta University,Africa,Egypt,31.424342,31.649127
401-600,De La Salle University,Asia(ASEAN),Philippines,14.564827,120.99309
401-600,University of Diyala,Asia,Iraq,33.682122,44.600941
401-600,Don State Technical University,Europe,Russian Federation,47.237225,39.712026
401-600,Dow University of Health Sciences,Asia,Pakistan,24.889534,67.065362
401-600,EAFIT University,South America,Colombia,6.199502,-75.579339
401-600,EAN University,South America,Colombia,4.655785,-74.057846
401-600,University of East London,Europe,United Kingdom,51.507471,0.064952
401-600,Erciyes University,Asia,Turkey,38.710333,35.533649
401-600,Escuela Superior Polit?cnica del Litoral,South America,Ecuador,-2.148139,-79.964542
401-600,Eski?ehir Osmangazi University,Asia,Turkey,39.751735,30.489968
401-600,Fasa University,Asia,Iran,28.940045,53.621919
401-600,Federal University of ABC (UFABC),South America,Brazil,-23.644367,-46.528154
401-600,Federal University of Itajub?,South America,Brazil,-22.412352,-45.449735
401-600,Federal University of Piau?,South America,Brazil,-7.081685,-41.434275
401-600,Federal Rural University of the Semi-Arid Region,South America,Brazil,-5.203632,-37.325142
401-600,Federal University of Santa Maria,South America,Brazil,-29.721447,-53.718414
401-600,Federal University of Technology ¡V Paran?,South America,Brazil,-25.443564,-49.35358
401-600,Federal University of Vi?osa,South America,Brazil,-20.761054,-42.870163
401-600,University of Franca,South America,Brazil,-20.570105,-47.403332
401-600,Gda?sk University of Technology,Europe,Poland,54.371689,18.616331
401-600,Ghulam Ishaq Khan Institute of Engineering Sciences and Technology,Asia,Pakistan,34.069302,72.644006
401-600,Hali? University,Asia,Turkey,41.055997,28.951059
401-600,Universit? Hassan II de Casablanca,Africa,Morocco,33.53969,-7.657231
401-600,Ibn Tofa?l University,Africa,Morocco,34.246158,-6.585286
401-600,Immanuel Kant Baltic Federal University,Europe,Russian Federation,54.724312,20.527524
401-600,Indian Institute of Technology Bhubaneswar,Asia,India,20.148297,85.671173
401-600,Indian Institute of Technology Kharagpur,Asia,India,22.314957,87.310539
401-600,Innopolis University,Europe,Russian Federation,55.753503,48.743448
401-600,University of International Business and Economics,Asia,China,39.980608,116.427636
401-600,Irkutsk National Research Technical University,Europe,Russian Federation,52.262661,104.261731
401-600,ISCTE-University Institute of Lisbon,Europe,Portugal,38.749021,-9.154444
401-600,Istanbul Ayd?n University,Asia,Turkey,40.99192,28.797419
401-600,?stinye University,Asia,Turkey,41.014553,28.905035
401-600,"ITESO, Jesuit University of Guadalajara",South America,Mexico,20.606975,-103.41562
401-600,Ivan Franko National University of Lviv,Europe,Ukraine,49.840697,24.022522
401-600,Izmir University of Economics,Asia,Turkey,38.388267,27.045033
401-600,Izmir Institute of Technology,Asia,Turkey,38.31912,26.643302
401-600,Jeonbuk National University,Asia,South Korea,35.846724,127.129367
401-600,J. F. Oberlin University,Asia,Japan,35.581353,139.406568
401-600,University of Jyv?skyl?,Europe,Finland,62.236545,25.731619
401-600,Kanagawa University,Asia,Japan,35.484759,139.619641
401-600,Kanda University of International Studies,Asia,Japan,35.656692,140.042986
401-600,Kansai University,Asia,Japan,34.77347,135.509095
401-600,Kanto Gakuin University,Asia,Japan,35.323451,139.625551
401-600,Karab?k University,Asia,Turkey,41.210658,32.655493
401-600,Kharkiv National University of Radio Electronics,Europe,Ukraine,50.014936,36.228416
401-600,Khazar University,Asia,Azerbaijan,40.40858,49.937625
401-600,King Mongkut¡¦s Institute of Technology Ladkrabang,Asia(ASEAN),Thailand,13.729875,100.778311
401-600,King Mongkut¡¦s University of Technology Thonburi,Asia(ASEAN),Thailand,13.649396,100.492843
401-600,The University of Kitakyushu,Asia,Japan,33.844098,130.878473
401-600,University of Kufa,Asia,Iraq,32.020615,44.375129
401-600,Kuwait University,Asia,Kuwait,29.322758,47.971712
401-600,Kyoto Sangyo University,Asia,Japan,35.071362,135.756898
401-600,University of Lagos,Africa,Nigeria,6.515134,3.388561
401-600,Lagos State University,Africa,Nigeria,6.466398,3.200311
401-600,Lebanese American University,Asia,Lebanon,33.893066,35.477793
401-600,Lincoln University,Oceania,New Zealand,-43.643314,172.467704
401-600,Lobachevsky State University of Nizhni Novgorod,Europe,Russian Federation,56.312618,44.007619
401-600,University of Lucerne,Europe,Switzerland,47.049411,8.312527
401-600,University of Malakand,Asia,Pakistan,34.666616,72.029007
401-600,Middle East University,Asia,Jordan,31.809323,35.919719
401-600,Middle East Technical University,Asia,Turkey,39.8911,32.777968
401-600,Middle Technical University,Asia,Iraq,33.319648,44.365421
401-600,Minia University,Africa,Egypt,28.123382,30.734921
401-600,University of Monastir,Africa,Tunisia,35.763387,10.829131
401-600,Moscow Institute of Physics and Technology (MIPT),Europe,Russian Federation,55.929736,37.519879
401-600,Mukogawa Women¡¦s University,Asia,Japan,34.717225,135.374451
401-600,Musashino University,Asia,Japan,35.717675,139.547802
401-600,Mustansiriyah University,Asia,Iraq,33.366833,44.403345
401-600,Mutah University,Asia,Jordan,31.093638,35.717417
401-600,Narxoz University,Asia,Kazakhstan,43.214433,76.871331
401-600,National Agrarian University La Molina,South America,Peru,-12.081749,-76.943222
401-600,National Central University,Asia,Taiwan,24.968054,121.192161
401-600,National Chi Nan University,Asia,Taiwan,23.951359,120.930451
401-600,National Chin-Yi University of Technology,Asia,Taiwan,24.143908,120.7304
401-600,National Dong Hwa University,Asia,Taiwan,23.897568,121.54178
401-600,National University of Ostroh Academy,Europe,Ukraine,50.329321,26.512496
401-600,National Research Nuclear University MEPhI,Europe,Russian Federation,55.650206,37.664344
401-600,National Research Saratov State University,Europe,Russian Federation,51.538702,46.010265
401-600,National University of Science and Technology (MISiS),Europe,Russian Federation,55.728458,37.60898
401-600,National University of Sciences and Technology,Asia,Pakistan,33.642882,72.992271
401-600,National Taiwan University of Science and Technology (Taiwan Tech),Asia,Taiwan,25.013307,121.540572
401-600,Near East University,Asia,Northern Cyprus,35.226756,33.326392
401-600,NED University of Engineering and Technology,Asia,Pakistan,24.929925,67.11481
401-600,New Jersey Institute of Technology,North America,United States,40.74271,-74.17711
401-600,North-Eastern Federal University,Europe,Russian Federation,62.019984,129.709469
401-600,Northern Technical University,Asia,Iraq,36.376803,43.150204
401-600,Novosibirsk State Technical University,Europe,Russian Federation,54.987112,82.915103
401-600,Ondokuz Mayis University,Asia,Turkey,41.367195,36.19839
401-600,Panth?on-Sorbonne University ¡V Paris 1,Europe,France,48.846949,2.344466
401-600,Perm National Research Polytechnic University,Europe,Russian Federation,58.008194,56.239691
401-600,Perm State University,Europe,Russian Federation,58.007713,56.18775
401-600,Peruvian University of Applied Sciences,South America,Peru,-12.104052,-76.962904
401-600,University of Peshawar,Asia,Pakistan,34.008746,71.487821
401-600,PMAS Arid Agriculture University Rawalpindi,Asia,Pakistan,33.64925,73.081499
401-600,Polytechnic University of Catalonia,Europe,Spain,41.38801,2.113288
401-600,Polytechnic University of Valencia,Europe,Spain,39.480854,-0.340672
401-600,Pondicherry University,Asia,India,12.018346,79.8569
401-600,Pontifical Catholic University of Minas Gerais,South America,Brazil,-19.939244,-44.076376
401-600,Pontifical Catholic University of Peru,South America,Peru,-12.069465,-77.079413
401-600,Princess Nourah bint Abdulrahman University,Asia,Saudi Arabia,24.846837,46.725523
401-600,Pyatigorsk State Linguistic University,Europe,Russian Federation,44.05441,43.06698
401-600,Qassim University,Asia,Saudi Arabia,26.348871,43.766836
401-600,Quaid-i-Azam University,Asia,Pakistan,33.747687,73.13808
401-600,University of the Ryukyus,Asia,Japan,26.251704,127.768439
401-600,Saint Petersburg State University,Europe,Russian Federation,59.941918,30.298896
401-600,Sakarya University,Asia,Turkey,40.742057,30.332677
401-600,Salahaddin University,Asia,Iraq,36.163186,44.016256
401-600,Samara University,Europe,Russian Federation,53.21202,50.177416
401-600,"University of Santiago, Chile (USACH)",South America,Chile,-33.449572,-70.680195
401-600,University of La Serena,South America,Chile,-29.908874,-71.24645
401-600,University of Sfax,Africa,Tunisia,34.736083,10.742812
401-600,Shibaura Institute of Technology Tokyo,Asia,Japan,35.660559,139.794857
401-600,University of Sistan and Baluchestan,Asia,Iran,29.459448,60.852348
401-600,Sohag University,Africa,Egypt,26.56375,31.707357
401-600,Soka University,Asia,Japan,35.690822,139.326926
401-600,University of Sousse,Africa,Tunisia,35.837787,10.607126
401-600,South Ural State University,Europe,Russian Federation,55.160486,61.370089
401-600,South Valley University,Africa,Egypt,26.19215,32.745177
401-600,State University of Maring?,South America,Brazil,-23.404674,-51.939991
401-600,State University of Santa Cruz,South America,Brazil,-14.79673,-39.173458
401-600,St Petersburg Electrotechnical University (LETI),Europe,Russian Federation,59.972172,30.322701
401-600,Sumy State University,Europe,Ukraine,50.891909,34.843067
401-600,Suranaree University of Technology,Asia(ASEAN),Thailand,14.881825,102.020706
401-600,University of Tabriz,Asia,Iran,38.063346,46.32942
401-600,Tata Institute of Social Sciences (TISS),Asia,India,19.044737,72.912505
401-600,Technical University of Loja,South America,Ecuador,-3.986949,-79.199335
401-600,Technological University of Pereira,South America,Colombia,4.793713,-75.689081
401-600,Tecmilenio University,South America,Mexico,19.49928,-99.175537
401-600,Tohoku Gakuin University,Asia,Japan,38.249326,140.876539
401-600,Tokyo City University,Asia,Japan,35.5984,139.651067
401-600,Tokyo Metropolitan University,Asia,Japan,35.620353,139.381998
401-600,Ton Duc Thang University,Asia(ASEAN),Vietnam,10.73267,106.699229
401-600,Tver State Technical University,Europe,Russian Federation,56.865456,35.914965
401-600,Ubon Ratchathani University,Asia(ASEAN),Thailand,15.117359,104.902819
401-600,Ufa State Petroleum Technological University,Europe,Russian Federation,54.81937,56.068616
401-600,Ulyanovsk State University,Europe,Russian Federation,54.304002,48.368003
401-600,Unisinos University,South America,Brazil,-29.795495,-51.152102
401-600,United International University,Asia,Bangladesh,23.797831,90.449626
401-600,University of Vigo,Europe,Spain,42.169692,-8.684664
401-600,Volgograd State University,Europe,Russian Federation,48.641968,44.422856
401-600,Voronezh State University,Europe,Russian Federation,51.656716,39.206048
401-600,University of Warsaw,Europe,Poland,52.240359,21.018554
401-600,Western Paran? State University (Unioeste),South America,Brazil,-24.987176,-53.449357
401-600,World University of Bangladesh (WUB),Asia,Bangladesh,23.742266,90.383864
401-600,Yeditepe University,Asia,Turkey,40.972992,29.152726
401-600,Zagazig University,Africa,Egypt,30.588373,31.483194
401-600,Zewail City of Science and Technology,Africa,Egypt,29.941327,31.066829
401-600,Ahl Al Bayt University,Asia,Iraq,32.641453,43.994531
401-600,Al-Kunooze University College,Asia,Iraq,30.532943,47.807649
401-600,At?l?m University,Asia,Turkey,39.815737,32.723867
401-600,?cole Centrale de Lyon,Europe,France,45.782613,4.766478
401-600,Government College University Lahore,Asia,Pakistan,31.573159,74.307846
401-600,Helwan University,Africa,Egypt,29.866872,31.315268
401-600,Imam Ja¡¦afar Al-Sadiq University,Asia,Iraq,33.376258,44.395652
401-600,Kogakuin University,Asia,Japan,35.690548,139.695701
401-600,University of Kurdistan,Asia,Iran,35.278455,46.993861
401-600,Lviv Polytechnic National University,Europe,Ukraine,49.835785,24.014224
401-600,Universiti Malaysia Perlis,Asia(ASEAN),Malaysia,6.462228,100.164672
401-600,Reitaku University,Asia,Japan,35.832413,139.951405
401-600,Seikei University,Asia,Japan,35.713833,139.573803
401-600,Sophia University,Asia,Japan,35.683545,139.732546
401-600,Southern Federal University,Europe,Russian Federation,47.224785,39.728334
401-600,Tama University,Asia,Japan,35.630529,139.464273
401-600,Technical University of Ko?ice,Europe,Slovakia,48.730533,21.245613
401-600,"University of Technology, Iraq",Asia,Iraq,33.312158,44.446943
401-600,University of Tyumen,Europe,Russian Federation,57.158592,65.532959
401-600,Ukhta State Technical University,Europe,Russian Federation,63.556497,53.694714
